# NIC-2008 activity codes (5-digit sub-classes only), used by onboarding (ON9, ON10).
# Source: Ministry of MSME, PMEGP portal, "NIC_Codes_Updated.pdf"
#   https://pmegp.msme.gov.in/Documents/UserManual/NIC_Codes_Updated.pdf
#   (downloaded 2026-09-28, SHA-256 adf8c26a8ad7b54844d5c49b4ce9a0aa8616aea490629ea4b9d021dcc1e16e10)
# Converted from the PDF without changing any code or wording, except:
#   - codes of divisions 01-09 had lost their leading zero in the PDF ("1411" is 01411);
#     the zero is put back;
#   - only 5-digit codes are kept (the 2-, 3- and 4-digit headings are dropped);
#   - broken characters are fixed: ?kankar? -> 'kankar', fuller?s -> fuller's,
#     spiritualists? -> spiritualists', ""agarbatti"" -> agarbatti, backticks removed.
# Known gaps (as in the source): some descriptions are cut off at about 200 characters
# (docs/TODO_VERIFY.md), and some activities are absent (e.g. crop growing, motor vehicle sale).
# Never add or edit a code by hand; replace the file from an official source.
code,description,industry_type
01411,Raising and breeding of cattle and buffaloes,Service
01412,Production of milk from cows or buffaloes,Service
01413,Production of bovine semen,Service
01420,Raising of horses and other equines,Service
01430,Raising and breeding of camels and camelids,Service
01441,Raising and breeding of sheep and goats,Service
01442,Production of milk from sheep or goat,Service
01443,Production of raw wool,Service
01461,"Raising and breeding of chickens and capons, ducks, geese, turkeys and guinea fowls chickens and capons, ducks, geese, turkeys and guinea fowls",Service
01462,Production of eggs,Service
01463,Operation of poultry hatcheries,Service
01491,"Raising and breeding of pet animals (cats, dogs, birds, hamsters etc.",Service
01492,Bee-keeping and production of honey and beeswax,Service
01493,"Raising of silk worms, production of silk worm cocoons",Service
01499,"Raising of other animals, n.e.c.",Service
01612,Operation of agricultural irrigation equipment,Service
01619,"Other supporting activities including agricultural gardening (excluding parks and gardening activities), n.e.c.",Service
01620,Support activities for animal production,Service
01631,"Preparation of crops for primary markets, i.e. cleaning, trimming, grading, disinfecting",Service
01632,"Cotton ginning, cleaning and bailing",Service
01639,"Other post harvest crop activities, n.e.c.",Service
01640,Seed processing for propagation,Service
02201,Gathering and preparation of fire wood,Service
02202,"Logging camps and loggers primarily engaged in felling timber and producing wood in the rough such as pitprops, split poles, pickets, hewn railway ties",Service
02203,Production of charcoal in the forest (using traditional methods,Service
02209,"Other logging activities, n.e.c.",Service
02301,Gathering of tendu leaves,Service
02302,"Gathering of lac, resins and rubber-like gums",Service
02303,"Gathering of wild growing mushrooms, truffles, berries, nuts, cork, balsams, vegetable hair, eelgrass, mosses, lichens",Service
02309,"Gathering of non-wood forest products, n.e.c.",Service
02401,"Forestry service activities (forest management consulting services, forestry inventories, timber evaluation, forest pest control",Service
02402,Logging service activities such as transport of logs within the forest,Service
03111,Fishing on a commercial basis including taking of marine crustaceans and molluscs in ocean and coastal waters,Service
03112,"Gathering of other marine organisms and materials such as natural pearls, sponges, coral and algae",Service
03113,Activities of vessels engaged in fishing and in processing and preserving of fish,Service
03121,Fishing and taking of freshwater crustaceans and molluscs on a commercial basis in inland waters,Service
03122,Taking and gathering of freshwater aquatic animals,Service
03211,Fish farming in sea water including farming of marine ornamental fish,Service
03212,"Culture of crustaceans, bivalves, other mollusks and other aquatic animals in sea water",Service
03213,Growing of edible seaweeds,Service
03214,Aquaculture activities in brackish waters and in salt water filled tanks or reservoirs,Service
03215,Operation of fish hatcheries (marine),Service
03219,"Other marine aquaculture, n.e.c",Service
03221,Fish farming in freshwater including farming of freshwater ornamental fish,Service
03222,"Culture of freshwater crustaceans, bivalves, other mollusks and other aquatic animals",Service
03223,Operation of fish hatcheries (fresh-water),Service
03229,"Other freshwater aquaculture activities, n.e.c.",Service
05101,Opencast mining of hard coal,Manufacturing
05102,Belowground mining of hard coal,Manufacturing
05103,"Cleaning, sizing, grading, pulverizing, compressing etc. of coal",Manufacturing
05109,Other operations relating to mining and agglomeration of hard coal,Manufacturing
05201,Opencast mining of lignite (brown coal),Manufacturing
05202,Belowground mining of lignite (brown coal),Manufacturing
05203,"Washing, dehydrating, pulverizing, compressing of lignite",Manufacturing
05209,Other operations relating to mining and agglomeration of lignite,Manufacturing
06101,Off shore extraction of crude petroleum,Manufacturing
06102,On shore extraction of crude petroleum,Manufacturing
06201,Offshore Extraction of natural gas,Manufacturing
06202,On shore Extraction of natural gas,Manufacturing
07100,Mining of iron ores,Manufacturing
07210,Mining of uranium and thorium ores,Manufacturing
07291,Mining of copper ore,Manufacturing
07292,Mining of aluminium ore (bauxite),Manufacturing
07293,Mining of manganese ore,Manufacturing
07294,Mining of chromium ore,Manufacturing
07295,"Mining of precious metal ore (gold, silver)",Manufacturing
07296,Mining of lead and znic ore,Manufacturing
07299,"Mining of other non-ferrous metal ores, n.e.c. [titanium ( ilmenite and rutile) ,niobium, tantalum,vanadium or zirconium ores; tin bearing ores; and, nickel, cobalt, tungsten, molybdenum, antimony and",Manufacturing
08101,Quarrying of marble,Manufacturing
08102,Quarrying of granite,Manufacturing
08103,Quarrying of slate and building and monumental stone other than marble and granite,Manufacturing
08104,Mining of dolomite,Manufacturing
08105,Mining of gypsum including selenite,Manufacturing
08106,"Operation of sand or gravel pits, basalt / porphyry, clay (ordinary), crushing and breaking of stone for use as a flux or raw material in lime or cement, manufacture or as building material, road meta",Manufacturing
08107,"Mining/quarrying of limestone, limeshell, 'kankar' and other calcareous minerals including calcite, chalk and shale",Manufacturing
08108,"Mining of clays (kaolin, ball clay, wollastonite, bentonite, fuller's earth, fire clay etc. )",Manufacturing
08109,"Mining of refractory non-clay minerals (andalusite, kyanite, sillimanite, dunite, diaspore magnesite, diaspore, magnesite)",Manufacturing
08911,Mining of native sulphur or pyrites and pyrrhotites valued chiefly for sulphur,Manufacturing
08912,Mining of natural phosphates including apatite minerals,Manufacturing
08913,Mining of earth colours (ochre including red oxide).,Manufacturing
08914,Mining of fluorspar,Manufacturing
08915,Mining of barytes,Manufacturing
08919,Mining of potash bearing salts/minerals; borate minerals and other fertiliser and chemical minerals n.e.c.,Manufacturing
08920,Extraction and agglomeration of peat,Manufacturing
08931,"Salt mining, quarrying, screening etc.",Manufacturing
08932,Salt production by evaporation of sea water or other saline waters,Manufacturing
08991,"Mining of gemstones (agate, diamond, emerald, garnet (gem), jasper, rubby/saphire etc",Manufacturing
08992,"Mining and quarrying of abrasive materials (pumice stone, emery, corundum, garnet and other natural abrasives)",Manufacturing
08993,Mining of mica,Manufacturing
08994,Mining of natural graphite,Manufacturing
08995,Mining of asbestos,Manufacturing
08996,"Mining of vermiculite, perlite and chlorites",Manufacturing
08997,"Mining of felspar and silica minerals including quartz, quartzite and fuch.Quartzite",Manufacturing
08998,Mining of talc/ steatite,Manufacturing
08999,"Mining of laterite, diatomite and silicious fossil meals (e.g. diatomite); and other natural fluxes;natural asphalt or bitumen and other mining n.e.c.",Manufacturing
09101,Services incidental to off shore oil extraction,Manufacturing
09102,Services incidental to on shore oil extraction,Manufacturing
09103,Services incidental to off shore gas extraction,Manufacturing
09104,Services incidental to on shore gas extraction,Manufacturing
09900,Support activities for other mining and quarrying,Manufacturing
10301,Sun-drying of fruit and vegetables,Manufacturing
10302,Artificial dehydration of fruit and vegetables,Manufacturing
10303,Radiation preservation of fruit and vegetables,Manufacturing
10304,"Manufacture of fruit or vegetable juices and their concentrates, squashes and powder",Manufacturing
10305,"Manufacture of sauces, jams, jellies and marmalades",Manufacturing
10306,"Manufacture of pickles, chutney etc.",Manufacturing
10307,Canning of fruits and vegetables,Manufacturing
10308,Manufacture of potato flour & meals and prepared meals of vegetables,Manufacturing
10309,Preservation of fruit and vegetables n.e.c.,Manufacturing
10401,Manufacture of hydrogenated oil and vanaspati ghee,Manufacturing
10402,Manufacture of vegetable oils and fats excluding corn oil,Manufacturing
10403,Manufacture of edible animal oils and fats,Manufacturing
10404,Manufacture of fish oil,Manufacturing
10405,Manufacture of non-edible animal oil and fats,Manufacturing
10406,"Manufacture of oil cakes & meals incl. residual products, e.g. Oleostearin, Palmstearin",Manufacturing
10407,"Manufacture of non-defatted flour or meals of oilseeds, oilnuts or kernels",Manufacturing
10409,"Manufacture of other vegetable oil, animal oil and fats n.e.c",Manufacturing
10501,Manufacture of pasteurised milk whether or not in bottles/ polythene packs etc. (plain or flavoured),Manufacturing
10502,"Manufacture of milk-powder, ice-cream powder and condensed milk except baby milk food",Manufacturing
10503,Manufacture of baby milk foods,Manufacturing
10504,"Manufacture of cream, butter, cheese, curd, ghee, khoya etc.",Manufacturing
10505,"Manufacture of ice-cream, kulfi etc.",Manufacturing
10509,Manufacture of other dairy products n.e.c.,Manufacturing
10611,Flour milling,Manufacturing
10612,Rice milling,Manufacturing
10613,Dal (pulses) milling,Manufacturing
10614,"Grain milling other than wheat, rice and dal",Manufacturing
10615,"Vegetable milling (production of flour or meal of dried leguminous vegetables(except dal), of roots or tubers, or of edible nuts)",Manufacturing
10616,Manufacture of cereal breakfast foods obtained by roasting or swelling cereal grains,Manufacturing
10617,"Manufacture of flour mixes and prepared blended flour and dough for bread, cakes, biscuits",Manufacturing
10618,"Manufacture of other readymade mixed powders like idli, gulabjamun etc.",Manufacturing
10619,Other grain milling and processing n.e.c.,Manufacturing
10621,"Manufacture of starches from rice, potatoes, maize etc.",Manufacturing
10622,Manufacture of sago and sago products,Manufacturing
10623,"Manufacture of glucose, glucose syrup, maltose etc.",Manufacturing
10624,Manufacture of gluten,Manufacturing
10625,Manufacture of tapioca and tapioca substitutes prepared from starch,Manufacturing
10626,Manufacture of corn oil,Manufacturing
10629,Manufacture of other starch products n.e.c.,Manufacturing
10711,Manufacture of bread,Manufacturing
10712,"Manufacture of biscuits, cakes, pastries, rusks etc.",Manufacturing
10719,Manufacture of other bakery products n.e.c.,Manufacturing
10721,Manufacture or refining of sugar (sucrose) from sugercane,Manufacturing
10722,Manufacture of gur from sugarcane,Manufacturing
10723,Manufacture of gur from other than sugarcane,Manufacturing
10724,Manufacture of khandsari sugar from sugarcane,Manufacturing
10725,Manufacture of khandsari suger from other than sugarcane,Manufacturing
10726,Manufacture of boora and candy from sugarcane,Manufacturing
10727,Manufacture of boora and candy from other than sugarcane,Manufacturing
10728,Manufacture of molasses,Manufacturing
10729,"Manufacture of sugar from other sources (juice of palm, suger beet etc.)",Manufacturing
10731,Manufacture of cocoa products,Manufacturing
10732,Manufacture of chocolate and chocolate confectionery,Manufacturing
10733,Manufacture of sugar confectionery (except sweetmeats),Manufacturing
10734,Manufacture sweetmeats including dairy based sweetmeats,Manufacturing
10735,Manufacture of chewing gum,Manufacturing
10736,"Preserving in sugar of fruit, nuts, fruit peels and other parts of plants",Manufacturing
10739,"Manufacture of other cocoa, chocolate, sugar confectionery products n.e.c.",Manufacturing
10740,"Manufacture of macaroni, noodles, couscous and similar farinaceous products",Manufacturing
10750,Manufacture of prepared meals and dishes,Manufacturing
10791,Processing and blending of tea including manufacture of instant tea,Manufacturing
10792,"Coffee curing, roasting, grinding blending etc. and manufacturing of coffee products",Manufacturing
10793,Processing of edible nuts,Manufacturing
10794,Manufacture of malted foods including foods for infants and handicapped,Manufacturing
10795,Grinding and processing of spices,Manufacturing
10796,"Manufacture of papads, appalam and similar food products",Manufacturing
10797,"Manufacture of vitaminised high protein flour, frying of dal and other cereals",Manufacturing
10798,"Processing of salt into food-grade salt, e.g. iodized salt",Manufacturing
10799,"Other semi-processed, processed or instant foods n.e.c. except farinaceous products and malted foods and manufacturing activities like manufacture of egg powder, sambar powder etc. (this excludes the",Manufacturing
10801,Manufacture of cattle feed,Manufacturing
10802,Manufacture of poultry feed,Manufacturing
10803,"Manufacture of prepared feeds for pets, including dogs, cats, birds, fish etc.",Manufacturing
10809,Manufacture of other animal feeds n.e.c.,Manufacturing
11041,Manufacture of aerated drinks,Manufacturing
11042,Manufacture of synthetic flavoured concentrates and syrups,Manufacturing
11043,Manufacture of mineral water,Manufacturing
11044,Manufacture of ice,Manufacturing
11045,Manufacture of soft drinks,Manufacturing
11049,Manufacture of other non-alcoholic beverages n.e.c.,Manufacturing
13111,Preparation and spinning of cotton fiber including blended* cotton,Manufacturing
13112,Preparation and spinning of silk fiber including blended* silk,Manufacturing
13113,"Preparation and spinning of wool, including other animal hair and blended*wool including other animal hair",Manufacturing
13114,Preparation and spinning of man-made fiber including blended* man-made fiber,Manufacturing
13119,"Preparation and spinning of jute, mesta and other natural fibers including blended natural fibers n.e.c.",Manufacturing
13121,"Weaving, manufacture of cotton and cotton mixture fabrics.",Manufacturing
13122,"Weaving, manufacture of silk and silk mixture fabrics.",Manufacturing
13123,"Weaving, manufacture of wool and wool mixture fabrics.",Manufacturing
13124,"Weaving, manufacturing of man-made fiber and man-made mixture fabrics.",Manufacturing
13129,"Weaving of jute, mesta and other natural fibers including blended natural fibers n.e.c.",Manufacturing
13131,Finishing of cotton and blended cotton textiles.,Manufacturing
13132,Finishing of silk and blended silk textiles.,Manufacturing
13133,Finishing of wool and blended wool textiles.,Manufacturing
13134,Finishing of man-made and blended man-made textiles.,Manufacturing
13135,"Finishing of jute, mesta and other vegetable textiles fabrics",Manufacturing
13136,Activity related to screen printing,Manufacturing
13139,Other activities relating to finishing of textile n.e.c.,Manufacturing
13911,Manufacture of knitted and crocheted cotton fabrics,Manufacturing
13912,Manufacture of knitted and crocheted woolen fabrics,Manufacturing
13913,Manufacture of knitted and crocheted synthetic fabrics,Manufacturing
13919,Manufacture of other knitted and crocheted fabrics,Manufacturing
13921,"Manufacture of curtains, bed covers and furnishings",Manufacturing
13922,Manufacture of crocheted made up textile goods except apparel,Manufacturing
13923,Manufacture of mosquito nets,Manufacturing
13924,"Manufacture of bedding, quilts pillows, sleeping bags etc.",Manufacturing
13925,Manufacture of tarpaulin,Manufacturing
13926,Manufacture of blankets,Manufacturing
13929,"Manufacture of other made-up textile articles, except apparel n.e.c.",Manufacturing
13931,Manufacture of carpets and other floor coverings made of cotton,Manufacturing
13932,Manufacture of carpets and other floor coverings made of wool,Manufacturing
13933,Manufacture of carpets and other floor coverings made of silk,Manufacturing
13934,Manufacture of carpets made of synthetic materials,Manufacturing
13935,"Manufacture of carpets, and other floor coverings made of jute, mesta and coir",Manufacturing
13939,Manufacture of other floor coverings n.e.c.,Manufacturing
13941,"Manufacture of thread, including thread ball making",Manufacturing
13942,Manufacture of cordage or rope made of jute,Manufacturing
13943,Manufacture of cordage or rope made of coir,Manufacturing
13944,Manufacture of rope and cordage made of synthetic material,Manufacturing
13945,"Manufacture of knotted netting of twine, cordage or rope (other than mosquito net)",Manufacturing
13946,"Manufacture of tapes, newar and wicks",Manufacturing
13949,Manufacture of other cordage or rope n.e.c.,Manufacturing
13991,Embroidery work and making of laces and fringes,Manufacturing
13992,Zari work and other ornamental trimmings,Manufacturing
13993,Manufacture of linoleum and similar products,Manufacturing
13994,Manufacture of gas mantles,Manufacturing
13995,"Manufacture of made-up canvas goods such tents, sails etc.",Manufacturing
13996,Manufacture of wadding of textile materials and articles of wadding such as sanitary napkins and tampons,Manufacturing
13997,"Manufacture of metallised yarn or gimped yarn, rubber thread or cord covered with textile material, textile yarn or strip impregnated, covered or sheathed with rubber or plastic",Manufacturing
13998,Manufacture of waterproof textile excluding tarpaulin,Manufacturing
13999,Manufacture of other textiles/textile products n.e.c.,Manufacturing
14101,Manufacture of all types of textile garments and clothing accessories,Manufacturing
14102,Manufacture of rain coats of waterproof textile fabrics or plastic sheetings,Manufacturing
14103,"Manufacture of hats, caps and other clothing accessories such as gloves,belts, ties, cravats, hairnets etc.",Manufacturing
14104,Manufacture of wearing apparel made of leather and substitutes of leather,Manufacturing
14105,Custom tailoring,Manufacturing
14109,Manufacture of wearing apparel n.e.c.,Manufacturing
14201,Manufacture of wearing apparel and clothing accessories made of fur,Manufacturing
14202,Manufacture of fur and skin rugs and other similar articles,Manufacturing
14209,Manufacture of other fur products n.e.c.,Manufacturing
14301,"Manufacture of knitted or crocheted wearing apparel and other made-up articles directly into shape (pullovers, cardigans, jerseys, waistcoats and similar articles)",Manufacturing
14309,Manufacture of other knitted and crocheted apparel including hosiery,Manufacturing
15111,Flaying and curing of raw hides and skins,Manufacturing
15112,Tanning and finishing of sole leather,Manufacturing
15113,Tanning and finishing of industrial leather,Manufacturing
15114,"Scraping, currying, tanning, bleaching, shearing and plucking and dyeing of fur skins and hides with the hair on",Manufacturing
15115,"Finishing of upper leather, lining leather and garment leather etc.",Manufacturing
15116,Embroidering and embossing of leather articles,Manufacturing
15119,"Other tanning, curing, finishing, embossing etc. of leather",Manufacturing
15121,"Manufacture of travel goods like suitcase, bags, hold alls etc.",Manufacturing
15122,"Manufacture of purse, ladies handbags, artistic leather presented articles and novelties",Manufacturing
15123,Manufacture of saddlery and harness,Manufacturing
15129,Manufacture of other consumer goods of leather and substitutes of leather n.e.c.,Manufacturing
15201,"Manufacture of leather footwear such as shoes, sandals, chappals, leather-cum- rubber/plastic cloth sandles and chappals",Manufacturing
15202,Manufacture of footwear made primarily of vulcanized or moulded rubber and plastic.,Manufacturing
15209,Manufacture of other footwear n.e.c.,Manufacturing
16101,Sawing and planing of wood,Manufacturing
16102,Manufacture of unassembled wooden flooring including parquet flooring,Manufacturing
16103,Manufacture of wooden railway sleepers,Manufacturing
16109,Activities related to saw milling and planing of wood n.e.c.,Manufacturing
16211,Manufacture of ply wood and veneer sheets,Manufacturing
16212,Manufacture of particle board and fibreboard including densified wood,Manufacturing
16213,Manufacture of flush doors and other boards or panels,Manufacturing
16219,Manufacture of other plywood products n.e.c.,Manufacturing
16221,"Manufacture of structural wooden goods [intended to be used primarily in the construction industry such as beams, rafters, roof struts, glue-laminated and metal connected, prefabricated wooden roof tr",Manufacturing
16222,"Manufacture of prefabricated buildings, or elements thereof, predominantly of wood",Manufacturing
16229,Manufacture of builders carpentry and joinery,Manufacturing
16231,"Manufacture of wooden boxes, barrels, vats, tubs, packing cases etc.",Manufacturing
16232,Manufacture of plywood chests,Manufacturing
16233,"Manufacture of market basketry, grain storage bins and similar products made of bamboo or reed",Manufacturing
16239,"Manufacture of other wooden containers and products entirely or mainly of cane, rattan,bamboo, willow, fibre, leaves and grass n.e.c.",Manufacturing
16291,Manufacture of wooden industrial goods,Manufacturing
16292,Manufacture of cork and cork products,Manufacturing
16293,Manufacture of wooden agricultural implements,Manufacturing
16294,"Manufacture of various articles made of bamboo, cane and grass",Manufacturing
16295,Manufacture of broomsticks,Manufacturing
16296,"Manufacture of articles made of palm leaf, dhak leaf, screw-pine leaf and khajoor leaf;articles of vegetables fibre etc,.",Manufacturing
16297,Manufacture of products of pith and shalapith,Manufacturing
16299,Manufacture of other wood products n.e.c.,Manufacturing
17011,Manufacture of pulp,Manufacturing
17012,Manufacture of news print,Manufacturing
17013,Manufacture of paper and paper rolls not further processed,Manufacturing
17014,Manufacture of packing paper,Manufacturing
17015,Manufacture of other special purpose paper (excluding computer stationary),Manufacturing
17016,"Manufacture of paper board, straw board",Manufacturing
17017,Manufacture of hard board including false board and chip board,Manufacturing
17019,Manufacture of other primary paper materials including composite paper and paper board n.e.c.,Manufacturing
17021,Manufacture of corrugated paper and paperboard,Manufacturing
17022,Manufacture of corrugated paper board containers,Manufacturing
17023,Manufacture of card board boxes,Manufacturing
17024,Manufacture of sacks and bags of paper,Manufacturing
17029,Manufacture of other containers of paper and paperboard n.e.c.,Manufacturing
17091,Manufacture of computer paper,Manufacturing
17092,"Manufacture of paper cups, saucers, plates, hoops, cones and other similar products",Manufacturing
17093,"Manufacture of printing, writing and photocopying paper ready for use",Manufacturing
17094,Manufacture of paper pulp articles other than containers (such as egg trays),Manufacturing
17095,"Manufacture of file cover/file boards, and similar articles",Manufacturing
17096,Manufacture of wall paper,Manufacturing
17097,Manufacture of carbon paper & stationary items,Manufacturing
17099,Manufacture of other paper products n.e.c.,Manufacturing
18111,Printing of newspapers,Service
18112,"Printing of magazines and other periodicals, books and brochures, maps, atlases, posters etc.",Service
18113,"Printing of postage stamps, taxation stamps, cheques and other security papers",Service
18114,"Printing of bank notes, currency notes",Service
18115,"Printing directly onto textiles, flexographic plastic, glass, metal, wood and ceramics",Service
18119,Other printing activities like screen printing other than textile n.e.c.,Service
18121,Book and other similar sheet binding on account of others,Service
18122,"Engraving, etching and block making etc.",Service
18129,Other service activities related to printing n.e.c.,Service
18200,Reproduction of recorded media,Service
19101,Production of coke and semi-coke products,Manufacturing
19109,"Manufacture of other coke oven products such as gas, crude coal and lignite tars etc.",Manufacturing
19201,"Production of liquid and gaseous fuels, illuminating oils, lubricating oils or greases or other products from crude petroleum or bituminous minerals",Manufacturing
19202,Manufacture of paraffin wax,Manufacturing
19203,Bottling of LPG/CNG,Manufacturing
19204,Manufacture of hard-coal and lignite fuel briquettes,Manufacturing
19209,"Manufacture of other petroleum n.e.c. (includes manufacture of petroleum jelly, micro- crystalline petroleum wax, slack wax, ozokerite, lignite wax, petroleum coke, petroleum bitumen and other residues",Manufacturing
20111,"Manufacture of liquefied or compressed inorganic industrial or medical gases (elemental gases,liquid or compressed air, refrigerant gases, mixed industrial gases etc.)",Manufacturing
20112,Manufacture of inorganic acids except nitric acid,Manufacturing
20113,Manufacture of tanning or dying extracts; tannings and their derivatives and colouring matter (including manufacture of indigo),Manufacturing
20114,Manufacture of dyes and pigments from any source in basic form or as concentrate,Manufacturing
20115,Manufacture of turpentine and resins of vegetable origin,Manufacturing
20116,Manufacture of basic chemical elements,Manufacturing
20117,Manufacture of distilled water,Manufacturing
20118,Manufacture of synthetic aromatic products,Manufacturing
20119,Manufacture of organic and inorganic chemical compounds n.e.c.,Manufacturing
20121,Manufacture of urea and other organic fertilizers,Manufacturing
20122,"Manufacture of straight mixed, compound or complex inorganic fertilizers",Manufacturing
20123,"Manufacture of associated nitrogen products (nitric and sulphonitric acids, ammonia, ammonium chloride, ammonium carbonate, nitrites and nitrates of potassium)",Manufacturing
20129,Manufacture of other fertilizers n.e.c.,Manufacturing
20131,"Manufacture of plastic in primary forms (includes amino-resins, polyurethanes etc.)",Manufacturing
20132,Manufacture of synthetic rubber in primary forms,Manufacturing
20133,Manufacture of mixture of synthetic and natural or rubber like gums,Manufacturing
20211,"Manufacture of insecticides, rodenticides, fungicides, herbicides",Manufacturing
20212,Manufacture of disinfectants (for agricultural and other use),Manufacturing
20219,Manufacture of other agrochemical products n.e.c.,Manufacturing
20221,"Manufacture of paints and varnishes, enamels or lacquers",Manufacturing
20222,"Manufacture of prepared pigments, prepared opacifiers and prepared colours, vitrifiable enamels and glazes engobes and similar preparations of a kind used in the ceramic, enamelling or glass industry",Manufacturing
20223,Manufacture of printing ink,Manufacturing
20224,Manufacture of prepared pigments and other colouring matter of a kind used in the manufacture of paints or by artists or other painters,Manufacturing
20229,"Manufacture of caulking compounds and similar non-refractory filling or surfacing preparations,mastics, prepared paint or varnish removers, organic composite solvents and thinners and other related pr",Manufacturing
20231,Manufacture of soap all forms,Manufacturing
20232,"Manufacture of cleaning and polishing products (preparations for perfuming or deodorizing rooms; artificial waxes and prepared waxes; polishes and creams for leather, wood, glass, metal etc.; scouring",Manufacturing
20233,Manufacture of detergent and similar washing agents excluding soap,Manufacturing
20234,Manufacture of perfumes and cologne de-eau,Manufacturing
20235,"Manufacture of preparations for oral or dental hygiene (includes manufacture of toothpastes, toothpowder, mouthwash, oral, perfumes, dental fixative pastes and powders etc.)",Manufacturing
20236,"Manufacture of hair oil, shampoo, hair dye etc. (includes manufacture of shampoos, hair sprays, hair fixers, hair oils, hair creams, hair dyes and bleaches and preparations for permanent waving or str",Manufacturing
20237,"Manufacture of cosmetics and toileteries (includes manufacture of pre-shave, shaving or after shave preparations; personal deodorants and anti-respirants; perfumed bath bath salts and other bath prepa",Manufacturing
20238,Manufacture of agarbatti and other preparations which operate by burning,Manufacturing
20239,Manufacture of other perfumes and toilet preparations n.e.c.,Manufacturing
20291,Manufacture of matches,Manufacturing
20293,"Manufacture of essential oils; modification by chemical processes of oils and fats (e.g. by oxidation, polymerization etc.)",Manufacturing
20294,"Manufacture of photographic plates, films, sensitized paper and other sensitized unexposed materials, chemical preparations for photographic uses",Manufacturing
20295,"Manufacture of gelatin and its derivatives, resinoids, glues, prepared adhesives, including rubber-based glues and adhesives",Manufacturing
20296,Manufacture of chemical elements and compounds doped for use in electronics,Manufacturing
20297,"Manufacture of chemical products or preparations of a kind used in the textiles, paper, leather and like industries",Manufacturing
20299,"Manufacture of various other chemical products n.e.c.(antiknock preparations, anti- freeze preparations, liquids for hydraulic transmission, composite diagnostic or laboratory reagents, writing or draw",Manufacturing
20301,Manufacture of synthetic or artificial filament tow,Manufacturing
20302,Manufacture of synthetic or artificial filament staple fibre not textured,Manufacturing
20303,"Manufacture of synthetic or artificial filament yarn, whether or not textured including high tenacity yarn",Manufacturing
20304,Manufacture of synthetic or artificial mono-filament or strip,Manufacturing
20313,"Manufacture of anti-sprouting products, plant growth regulators",Manufacturing
21001,"Manufacture of medicinal substances used in the manufacture of pharmaceuticals: antibiotics,endocrine products, basic vitamins; opium derivatives; sulpha drugs; serums and plasmas; salicylic acid, its",Manufacturing
21002,Manufacture of allopathic pharmaceutical preparations,Manufacturing
21003,Manufacture of ayurvedic or unani pharmaceutical preparation,Manufacturing
21004,Manufacture of homoeopathic or biochemic pharmaceutical preparations,Manufacturing
21005,Manufacture of veterinary preparations,Manufacturing
21006,"Manufacture of medical impregnated wadding, gauze, bandages, dressings, surgical gut string etc.",Manufacturing
21009,Manufacture of other pharmaceutical and botanical products n.e.c. like hina powder etc.,Manufacturing
22111,"Manufacture of rubber tyres and tubes for motor vehicles, motorcycles, scooters, three-wheelers, tractors and aircraft",Manufacturing
22112,Manufacture of rubber tyres and tubes for cycles and cycle-rickshaws,Manufacturing
22113,Retreading of tyres; replacing or rebuilding of tread on used pneumatic tyres,Manufacturing
22119,Manufacture of rubber tyres and tubes n.e.c.,Manufacturing
22191,"Manufacture of rubber plates, sheets, strips, rods, tubes, pipes, hoses and profile - shapes etc.",Manufacturing
22192,Manufacture of rubber conveyor or transmission belts or belting,Manufacturing
22193,Manufacture of rubber contraceptives,Manufacturing
22194,Manufacture of rubber balloons,Manufacturing
22199,Manufacture of other rubber products n.e.c.,Manufacturing
22201,"Manufacture of semi-finished of plastic products (plastic plates, sheets, blocks, film, foil, strip etc.)",Manufacturing
22202,"Manufacture of tableware, kitchenware and other household articles and toilet articles of plastic, including manufacture of vacuum flasks and other vacuum vessels",Manufacturing
22204,"Manufacture of bathing tubs, wash-basins, lavatory pans and covers, flushing cisterns and similar sanitary-ware of plastics",Manufacturing
22205,"Manufacture of travel goods of plastics (suitcase, vanity bags, holdalls and similar articles)",Manufacturing
22206,Manufacture of spectacle frames of plastic,Manufacturing
22207,Manufacture of moulded industrial accessories of plastics [including electrical insulating fittings of plastics],Manufacturing
22208,Manufacture of polymer/ synthetic / PVC water storage tanks,Manufacturing
22209,Manufacture of other plastics products n.e.c.,Manufacturing
23101,"Manufacture of glass in primary or semi-manufactured forms (such as sheets & plate glass) including mirror sheets and wired, coloured, tinted, toughened or laminated glass",Manufacturing
23102,"Manufacture of glass fibre (including glass-wool) and yarn of glass fibre; nonwoven glass fabrics,mats, boards and similar non-woven products",Manufacturing
23103,"Manufacture of hollow glassware (bottles, jars etc.) for the conveyance or packing of goods",Manufacturing
23104,Manufacture of laboratory or pharmaceutical glassware,Manufacturing
23105,Manufacture of table or kitchen glassware,Manufacturing
23106,Manufacture of glass bangles,Manufacturing
23107,Manufacture of glass decoration pieces and glassware used in imitation jewellery,Manufacturing
23109,"Manufacture of other glassware/glass products: articles of glass used in construction such as glass blocks; clock or watch glasses, optical glass and optical glass elements not optically worked; and o",Manufacturing
23911,"Manufacture of refractory mortars, concretes etc.",Manufacturing
23912,"Manufacture of refractory bricks, blocks tiles and similar refractory ceramic constructional goods",Manufacturing
23913,Manufacture of refractory ceramic products,Manufacturing
23919,Manufacture of other refractory articles n.e.c.,Manufacturing
23921,Manufacture of bricks,Manufacturing
23922,"Manufacture of non-refractory ceramic sanitary wares: sinks, baths, water-closet pans, flushing cistern etc.",Manufacturing
23923,"Manufacture of non-refractory ceramic pipes, conduits, guttering and pipe fittings",Manufacturing
23929,Manufacture of other clay building materials,Manufacturing
23931,"Manufacture of articles of porcelain or china, earthenware, imitation porcelain or common pottery, including earthen statues",Manufacturing
23932,Manufacture of ceramic tableware and other domestic or toilet articles,Manufacturing
23933,Manufacture of statuettes and other ornamental ceramic articles,Manufacturing
23934,Manufacture of electrical insulators and insulating fittings of ceramics,Manufacturing
23935,"Manufacture of ceramic laboratory, chemical and industrial products",Manufacturing
23939,Manufacture of ceramic products n.e.c.,Manufacturing
23941,Manufacture of clinkers and cement,Manufacturing
23942,"Manufacture of portland cement, aluminous cement, slag cement and similar hydraulic cement",Manufacturing
23943,Manufacture of asbestos cement,Manufacturing
23944,"Manufacture of quicklime, slaked lime and hydraulic lime (excluding chewing lime)",Manufacturing
23945,Manufacture of plasters of calcined gypsum or calcined sulphate,Manufacturing
23949,Manufacture of other cement and plaster n.e.c.,Manufacturing
23951,Manufacture of plaster statues and other plaster products,Manufacturing
23952,"Manufacture of articles of concrete, cement or artificial stone (tiles, bricks etc.)",Manufacturing
23953,Manufacture of asbestos sheets,Manufacturing
23954,Manufacture of R.C.C. bricks and blocks,Manufacturing
23955,Manufacture of hume pipes and other pre-fabricated structural components of cement and/or concrete for building or civil engineering,Manufacturing
23956,"Manufacture of insulation boards of vegetable fibre, straw or wood waste, agglomerated with cement & other mineral binders.",Manufacturing
23959,Manufacture of other cement and asbestos cement products n.e.c.,Manufacturing
23960,"Cutting, shaping and finishing of stone",Manufacturing
23991,Manufacture of worked mica and mica products,Manufacturing
23992,Manufacture of gypsum boards,Manufacturing
23993,"Manufacture of millstones, sharpening or polishing stones and natural or artificial abrasive products, including abrasive powder or grain on a base of textile material, paper, paper board or other mat",Manufacturing
23994,Manufacture of graphite products other than electrical articles,Manufacturing
23999,"Manufacture of other non-metallic mineral products n.e.c. (includes asbestos yarn and fabric, and articles of asbestos yarn and fabric such as clothing, headgear, footwear, cord, string, paper o felt;",Manufacturing
24101,"Manufacture of pig iron and spiegeleisen in pigs, blocks or other primary forms",Manufacturing
24102,Manufacture of direct reduction of iron (sponge iron) and other spongy ferrous products,Manufacturing
24103,"Manufacture of steel in ingots or other primary forms, and other semi-finished products of steel",Manufacturing
24104,Manufacture of ferro-alloys,Manufacturing
24105,Manufacture of hot-rolled and cold-rolled products of steel,Manufacturing
24106,Manufacture of tube and tube fittings of basic iron and steel,Manufacturing
24107,Manufacture of railway track materials (unassembled rails) of steel,Manufacturing
24108,Manufacture of wire of steel by cold drawing or stretching,Manufacturing
24109,Manufacture of other basic iron and steel n.e.c,Manufacturing
24201,"Manufacture of Copper from ore, and other copper products and alloys",Manufacturing
24202,Manufacture of Aluminium from alumina and by other methods and products of aluminium and alloys,Manufacturing
24203,"Manufacturing of lead, zinc and tin products and alloys",Manufacturing
24204,"Manufacturing of chrome, manganese and nickel products alloys",Manufacturing
24205,"Production and refining of precious metals (such as gold, silver platinum etc.) and alloys",Manufacturing
24209,Manufacture of other non-ferrous metals n.e.c.,Manufacturing
24311,"Manufacture of tubes, pipes and hollow profiles and of tube or pipe fittings of cast- iron/cast-steel",Manufacturing
24319,Manufacture of other iron and steel casting and products thereof,Manufacturing
24320,Casting of non-ferrous metals,Manufacturing
25111,"Manufacture of doors, windows and their frames, shutters and rolling shutters, gates and similar articles used on buildings",Manufacturing
25112,"Manufacture of metal frameworks or skeletons for construction and parts thereof ((towers, masts, trusses, bridges etc.)",Manufacturing
25113,"Manufacture of industrial frameworks in metal (frameworks for blast furnaces, lifting and handling equipment etc.)",Manufacturing
25119,Manufacture of other structural metal products,Manufacturing
25121,Manufacture of metal containers for compressed or liquefied gas,Manufacturing
25122,"Manufacture of metal reservoirs, tanks and similar containers",Manufacturing
25123,Manufacture of central heating boilers and radiators and parts and accessories thereof,Manufacturing
25129,Manufacture of other containers n.e.c.,Manufacturing
25131,Manufacture of steam or other vapour generating boilers and hot water boilers other than central heating boilers,Manufacturing
25132,"Manufacture of nuclear reactors, except isotope separators",Manufacturing
25133,"Manufacture of auxiliary plant for use with steam generators (condensers, economizers, superheaters, steam collectors and accumulators)",Manufacturing
25139,"Manufacture of other steam generators (except central heating hot water boilers), n.e.c.",Manufacturing
25910,"Forging, pressing, stamping and roll-forming of metal; powder metallurgy",Manufacturing
25920,Machining; treatment and coating of metals,Manufacturing
25931,"Manufacture of cutlery such as knives, forks, spoons, cleavers, choppers, razors, razor blades,scissors, hair clippers etc.",Manufacturing
25932,Manufacture of hand tools (non-power-driven) for agricultural/horticulture/forestry,Manufacturing
25933,"Manufacture of hand tools such as pliers, screwdrivers, press tools, blacksmiths tools, drills,punches, milling cutters etc.",Manufacturing
25934,"Manufacture of padlocks, locks, keys, hinges and the like, hardware for buildings, furniture, vehicles etc.",Manufacturing
25939,"Manufacture of general hardware (saws and saw-blades, including circular saw-blades and chainsaw blades, moulding boxes, vices, clamps etc.)",Manufacturing
25991,"Manufacture of metal fasteners (nails, rivets, tacks, pins, staples, washers and similar non-threaded products and nuts, bolts, screws and other threaded products)",Manufacturing
25992,Manufacture of containers such as tins and cans for food products and boxes,Manufacturing
25993,Manufacture of metal cable and other articles made of wire (except for electric transmission),Manufacturing
25994,"Manufacture of metal household articles (plates, saucers, pots, kettles, saucepans, frying pans and other non-electrical utensils, small hand-operated kitchen appliances and accessories)",Manufacturing
25995,"Manufacture of metal sanitary ware such as baths, sinks, washbasins and similar articles",Manufacturing
25996,"Manufacture of reinforced safes, vaults, strong room doors, gates and metal goods for office use (other than office furniture) and other purposes",Manufacturing
25999,Manufacture of other fabricated metal products n.e.c.,Manufacturing
26101,"Manufacture of electronic capacitors, resistors, chokes, coils, transformers (electronic) and similar components",Manufacturing
26102,"Manufacture of electron tubes, diodes, transistors and related discrete devices",Manufacturing
26103,"Manufacture of integrated circuits (analog, digital or hybrid)",Manufacturing
26104,"Manufacture of bare printed circuit boards, loading of components onto printed circuit boards; manufacture of interface cards (e.g. sound, video, controllers, network, modems)",Manufacturing
26105,"Manufacture of display components (plasma, polymer, LCD, LED)",Manufacturing
26106,"Manufacture of printer cables, monitor cables, USB cables, connectors etc.",Manufacturing
26107,Manufacture of microprocessors,Manufacturing
26109,Manufacture of other electronic components n.e.c,Manufacturing
26201,"Manufacture of desktop computers, laptop computers, hand-held computers (e.g. PDA),mainframe computers and computer servers",Manufacturing
26202,"Manufacture of magnetic and optical storage devices such as magnetic disk drives, flash drives, CD, DVD and other storage devices",Manufacturing
26203,"Manufacture of monitors, keyboards, all types of mice, joysticks, and trackball accessories, dedicated computer terminals etc.",Manufacturing
26204,"Manufacture of printers, scanners, including bar code scanners, smart card readers, virtual reality helmets, computer projectors (video beamers)",Manufacturing
26205,"Manufacture of computer terminals, like automatic teller machines (ATM's), point-of- sale (POS) terminals not mechanically operated",Manufacturing
26209,Manufacture of computers and peripheral equipment n.e.c.,Manufacturing
26301,"Manufacture of radio and television studio and broadcasting equipment, including television cameras",Manufacturing
26302,"Manufacture of telephone and facsimile equipment, including telephone answering machines, PBX",Manufacturing
26303,"Manufacture of data communications equipment, such as bridges, routers, and gateways",Manufacturing
26304,"Manufacture of cable television equipment, transmitting and receiving antenna including dish, VSAT",Manufacturing
26305,"Manufacture of pagers, cellular phones and other mobile communication equipment",Manufacturing
26309,Manufacture of other communication equipments n.e.c.,Manufacturing
26401,"Manufacture of televisions, television monitors and displays",Manufacturing
26402,Manufacture video cassette recorders and duplicating equipment,Manufacturing
26403,Manufacture of audio recording and duplicating systems,Manufacturing
26404,Manufacture of radio receivers,Manufacturing
26405,"Manufacture of stereo equipment, speaker systems, amplifiers for musical instruments and public address systems, microphones, karaoke machines, headphones (e.g. radio, stereo, computer)",Manufacturing
26406,Manufacture of CD and DVD players,Manufacturing
26409,Manufacture of other electronic consumer goods n.e.c. (this includes non-television video camera),Manufacturing
26511,Manufacture of physical properties testing and inspection equipment,Manufacturing
26512,Manufacture of automotive emissions testing equipment,Manufacturing
26513,"Manufacture of consumption meters for electricity, water or gas, flow meters and counting meters",Manufacturing
26514,Manufacture of meteorological instruments,Manufacturing
26515,"Manufacture of radar equipment, GPS devices, search, detection, navigation, aeronautical and nautical equipment",Manufacturing
26516,"Manufacture of laboratory analytical instruments and miscellaneous laboratory apparatus for measuring and testing such as scales, balances, incubators etc.",Manufacturing
26517,Manufacture of industrial process control equipment,Manufacturing
26519,Manufacture of other measuring n.e.c.,Manufacturing
26521,"Manufacture of watches and clocks, including instrument panel clocks (except time- recording equipment)",Manufacturing
26522,"Manufacture of components for clocks and watches (springs, jewels, dials, hands, plates, bridges and other parts); watch and clock cases, including cases of precious metals",Manufacturing
26523,"Manufacture of time-recording equipments such as time-clock, parking meters etc.",Manufacturing
26529,Manufacture of other watches and clocks n.e.c.,Manufacturing
26600,"Manufacture of irradiation, electromedical and electrotherapeutic equipment",Manufacturing
26700,Manufacture of optical instruments and equipment,Manufacturing
26800,Manufacture of magnetic and optical media,Manufacturing
27101,"Manufacture of power generators (except battery charging alternators for internal combustion engines), motor generator sets (except turbine generator set units)",Manufacturing
27102,"Manufacture of electric power distribution transformers, arc-welding transformers, fluorescent ballasts, transmission and distribution voltage regulators",Manufacturing
27103,Manufacture of electric motors (except internal combustion engine starting motors),Manufacturing
27104,"Manufacture of electricity distribution and control apparatus (electrical apparatus for switching or protecting electrical circuits (e.g. switches, fuses, voltage limiters, surge suppressors, junction",Manufacturing
27201,"Manufacture of primary cells and primary batteries and rechargeable batteries, cells containing manganese oxide, mercuric oxide silver oxide or other material",Manufacturing
27202,"Manufacture of electric accumulator including parts thereof (separators, containers, covers)",Manufacturing
27310,Manufacture of fibre optic cables for data transmission or live transmission of images,Manufacturing
27320,"Manufacture of other electronic and electric wires and cables (insulated wire and cable made of steel, copper, aluminium)",Manufacturing
27331,"Manufacture of switch, switch box, lamp holders, lugs etc.",Manufacturing
27339,Manufacture of other wiring devices and fittings n.e.c.,Manufacturing
27400,Manufacture of electric lighting equipment,Manufacturing
27501,"Manufacture of domestic electric appliances such as refrigerators, washing machines, vacuum cleaners, mixers, grinders etc.",Manufacturing
27502,"Manufacture of domestic electrothermic appliances such as electric water heaters, space heaters, irons, ovens, toasters, microwave ovens etc",Manufacturing
27503,Manufacture of electric fans (except exhaust fans),Manufacturing
27504,"Manufacture of domestic non-electric cooking and heating equipment such as non- electric space heaters, cooking ranges, grates, stoves, water heaters, cooking appliances, plate warmers",Manufacturing
27509,Manufacture of other domestic appliances n.e.c.,Manufacturing
27900,Manufacture of other electrical equipment,Manufacturing
28110,"Manufacture of engines and turbines, except aircraft, vehicle and cycle engines",Manufacturing
28120,Manufacture of fluid power equipment,Manufacturing
28131,Manufacture of hand pumps,Manufacturing
28132,"Manufacture of other pumps, compressors, taps and valves etc.",Manufacturing
28140,"Manufacture of bearings, gears, gearing and driving elements",Manufacturing
28150,"Manufacture of ovens, furnaces and furnace burners",Manufacturing
28161,"Manufacture of lifts, escalators and moving walkways",Manufacturing
28162,Manufacture of other lifting and handling equipment and parts thereof,Manufacturing
28170,Manufacture of office machinery and equipment,Manufacturing
28180,Manufacture of power-driven hand tools,Manufacturing
28191,"Manufacture of refrigerating or freezing equipment f industrial use, including assemblies of major components",Manufacturing
28192,"Manufacture of air-conditioning machines, including motor vehicles air-conditioners",Manufacturing
28193,"Manufacture of fire extinguishers and other equipment for projecting, dispersing or spraying liquids or powders whether or not hand-operated, including sand blasting machines, stream cleaning machines",Manufacturing
28194,Manufacture of weighing machinery (other than sensitive laboratory balances),Manufacturing
28195,Manufacture of filtering and purifying machinery or apparatus for liquids and gases,Manufacturing
28199,"Manufacture of other general purpose machinery n.e.c. ( fans intended for industrial applications,exhaust hoods for commercial, laboratory or industrial use; calendering or other rolling machines othe",Manufacturing
28211,Manufacture of tractors used in agriculture and forestry and accessories for general purpose machinery and equipment.),Manufacturing
28212,"Manufacture of ploughs, manure spreaders, seeders, harrows and similar agricultural machinery for soil preparation, planting or fertilizing, harvesting or threshing machinery",Manufacturing
28213,Manufacture of spraying machinery for agricultural use,Manufacturing
28219,Manufacture of other agricultural and forestry machinery n.e.c.,Manufacturing
28221,"Manufacture of machine tools for turning, drilling, milling, shaping, planning, boring, grinding etc.",Manufacturing
28222,Manufacture of electroplating machinery,Manufacturing
28223,Manufacture of parts and accessories for the machine tools listed above,Manufacturing
28229,Manufacture of metal-forming machinery and machine tools n.e.c,Manufacturing
28230,Manufacture of machinery for metallurgy,Manufacturing
28241,Manufacture of continuous-action elevators and conveyors for underground use,Manufacturing
28242,"Manufacture of boring, cutting, sinking and tunnelling machinery (whether or not for underground use)",Manufacturing
28243,"Manufacture of earth-moving machinery (bulldozers, angle-dozers, graders, scrapers, levellers,mechanical shovels, shovel loaders, off-road dumping trucks etc.)",Manufacturing
28244,Manufacture of tracklaying tractors and tractors used in construction or mining,Manufacturing
28245,"Manufacture of concrete and mortar mixers, piledrivers and pile-extractors, mortar spreaders,bitumen spreaders, concrete surfacing machinery",Manufacturing
28246,Manufacture of parts and accessories for machinery/equipment used by construction and mining industries,Manufacturing
28249,"Manufacture of other machinery for mining, quarrying and construction n.e.c.",Manufacturing
28251,Manufacture of machinery for the dairy industry,Manufacturing
28252,Manufacture of machinery for the grain milling industry,Manufacturing
28253,"Manufacture of presses, crushers etc. used to make wine, cider, fruit juices etc.",Manufacturing
28254,"Manufacture of machinery for the bakery industry or for making macaroni, noodles, pasta etc.",Manufacturing
28255,Manufacture of machinery for the extraction or preparation of animal or vegetable fats or oils,Manufacturing
28256,"Manufacture of machinery for the preparation of tobacco and for the making of cigarettes or cigars, or for pipe or chewing tobacco or snuff",Manufacturing
28259,Manufacture of other machinery for the industrial preparation or manufacture of food or drink n.e.c. (including tea or coffee making machines),Manufacturing
28261,"Manufacture of machinery for preparation of textile fibers, spinning machines, machines for preparing textile yarns, weaving machines (looms), including hand looms, knitting machines",Manufacturing
28262,Manufacture of textile printing machinery,Manufacturing
28263,"Manufacture of machinery for washing, bleaching, dyeing, dressing, finishing coating or impregnating textile fabrics, machines for reeling, unreeling, folding, cutting or pinking textile fabrics, and",Manufacturing
28264,"Manufacture of ironing machines, commercial washing and drying machines, dry- cleaning machines and other laundry machinery",Manufacturing
28265,"Manufacture of sewing machines, sewing machine heads and sewing machine needles (whether or not for household use)",Manufacturing
28266,"Manufacture of machinery for preparing, tanning or working hides, skins or leather, machinery for making or repairing footwear or other articles of hides, skins, leather or fur skins",Manufacturing
28269,"Manufacture of other machinery for textiles, apparel and leather production n.e.c.",Manufacturing
28291,"Manufacture of machinery for making paper pulp, paper, paperboard and articles of paper board",Manufacturing
28292,Manufacture of machinery for working soft rubber or plastics or for the manufacture of products of these materials,Manufacturing
28293,Manufacture of printing and bookbinding machines and machines for activities supporting printing on a variety of materials (other than textiles),Manufacturing
28299,Manufacture of other special-purpose machinery n.e.c.,Manufacturing
29101,Manufacture of passenger cars,Manufacturing
29102,"Manufacture of commercial vehicles such as vans, lorries, over-the-road tractors for semi-trailers etc.",Manufacturing
29103,Manufacture of chassis fitted with engines for the motor vehicles included in this class,Manufacturing
29104,Manufacture of motor vehicle engines,Manufacturing
29109,Manufacture of motor vehicles n.e.c.,Manufacturing
29201,"Manufacture of bodies, including cabs for motor vehicles",Manufacturing
29202,Manufacture of trailers and semi-trailers for transport of goods or passengers,Manufacturing
29209,Manufacture of other attachments to motor vehicles n.e.c.,Manufacturing
29301,"Manufacture of diverse parts and accessories for motor vehicles such as brakes, gearboxes, axles,road wheels, suspension shock absorbers, radiators, silencers, exhaust pipes, catalysers, clutches, ste",Manufacturing
29302,"Manufacture of parts and accessories of bodies for motor vehicles such as safety belts, airbags,doors, bumpers",Manufacturing
29303,Manufacture of car seats,Manufacturing
29304,"Manufacture of motor vehicle electrical equipment, such as generators, alternators, spark plugs,ignition wiring harnesses, power window and door systems, assembly of purchased gauges into instrument p",Manufacturing
30111,"Building of commercial vessels: passenger vessels, ferry-boats, cargo ships, tankers, tugs, hovercraft (except recreation-type hovercraft) etc.",Manufacturing
30112,Building of warships and scientific investigation ships etc.,Manufacturing
30113,Building of fishing boats and fish-processing factory vessels,Manufacturing
30114,Construction of floating or submersible drilling platforms,Manufacturing
30115,"Construction of floating structures ( floating docks, pontoons, coffer-dams, floating landing stages, buoys, floating tanks, barges, lighters, floating cranes, non-recreational inflatable rafts etc.)",Manufacturing
30120,Building of pleasure and sporting boats,Manufacturing
30201,"Manufacture of electric, diesel, steam and other rail locomotives",Manufacturing
30202,"Manufacture of self-propelled railway or tramway coaches, vans and trucks, maintenance or service vehicles",Manufacturing
30203,"Manufacture of railway or tramway rolling stock, not self-propelled (passenger coaches, goods vans tank wagons, self-discharging vans and wagons, workshop vans, crane vans, tenders etc.",Manufacturing
30204,"Manufacture of specialized parts of railway or tramway locomotives or of rolling stock (bogies, axles and wheels, brakes and parts of brakes; hooks and coupling devices, buffers and buffer parts; shoc",Manufacturing
30205,"Manufacture of mechanical and electro-mechanical signalling safety and traffic control equipment for railways, tramways, inland waterways, roads, parking facilities, airfields etc.",Manufacturing
30206,Manufacture of mining locomotives and mining rail cars,Manufacturing
30301,Manufacture of airplanes,Manufacturing
30302,Manufacture of helicopters,Manufacturing
30303,"Manufacture of gliders, hang-gliders, dirigibles and hot air balloons and other non- powered aircraft",Manufacturing
30304,"Manufacture of spacecraft and launch vehicles, satellites, planetary probes,orbital stations, shuttles, intercontinental ballistic (ICBM) and similar missiles",Manufacturing
30305,"Manufacture of parts and accessories of the aircraft and spacecraft of this class (major assemblies such as fuselages, wings, doors, control surfaces, landing gear, fuel tanks, nacelles, airscrews, he",Manufacturing
30911,"Manufacture of motorcycles, scooters, mopeds etc. and their engine",Manufacturing
30912,Manufacture of three-wheelers and their engine,Manufacturing
30913,Manufacture of parts and accessories of three wheelers and motorcycles including side cars,Manufacturing
30921,"Manufacture of non-motorized bicycles and other cycles, including cycle-rickshaws, (delivery) tricycles, tandems, children's bicycles and tricycles, baby carriages",Manufacturing
30922,Manufacture of invalid carriages with or without motor,Manufacturing
30923,"Manufacture of parts and accessories for bicycles, cycle -rickshaws and invalid carriages",Manufacturing
30991,Manufacture of vehicles drawn by animals,Manufacturing
30999,"Manufacture of other transport equipments n.e.c. such as pushcarts, handcarts etc",Manufacturing
31001,Manufacture of furniture made of wood,Manufacturing
31002,Manufacture of furniture made of cane & reed,Manufacturing
31003,Manufacture of furniture primarily of metal,Manufacturing
31004,Manufacture of furniture primarily of plastic,Manufacturing
31005,Manufacture of mattresses and pillows,Manufacturing
31009,Manufacture of other furniture n.e.c.,Manufacturing
32111,"Manufacture of jewellery of gold, silver and other precious or base metal metal clad with precious metals or precious or semi-precious stones, or of combinations of precious metal and precious or semi",Manufacturing
32112,Working of diamonds and other precious and semi-precious stones including the working of industrial quality stones and synthetic or reconstructed precious or semi- precious stones,Manufacturing
32113,Production of worked pearls,Manufacturing
32114,"Manufacture of coins, including coins for use as legal tender, whether or not of precious metal",Manufacturing
32119,"Manufacture of other articles of gold, silver and other precious and semi precious metal and stone",Manufacturing
32120,Manufacture of imitation jewellery and related articles,Manufacturing
32201,Manufacture of stringed instruments (non-electronic),Manufacturing
32202,"Manufacture of wind instruments, accordions, harmonium and similar instruments and mouth organs",Manufacturing
32203,Manufacture of percussion musical instruments,Manufacturing
32204,"Manufacture of musical instruments, the sound of which is produced electronically",Manufacturing
32209,Manufacture of other musical instruments n.e.c.,Manufacturing
32300,Manufacture of sports goods,Manufacturing
32401,Manufacture of dolls and toy animals,Manufacturing
32402,"Manufacture of wheeled toys designed to be ridden, including plastic bicycles and tricycles",Manufacturing
32403,"Manufacture of pin-tables, coin-operated games, billiards, special tables for casino games, etc.",Manufacturing
32404,Manufacture of playing cards,Manufacturing
32405,Manufacture of electronic games,Manufacturing
32409,Manufacture of other games and toys n.e.c.,Manufacturing
32501,"Manufacture of dental fillings and cements (except denture adhesive or cement), dental wax and other dental plaster preparations; manufacture of dental laboratory furnaces, dental instruments, artific",Manufacturing
32502,"Manufacture of laboratory apparatus (laboratory ultrasonic cleaning machinery, laboratory sterilizers, laboratory type distilling apparatus, laboratory centrifuges etc.)",Manufacturing
32503,"Manufacture of medical, surgical, dental or veterinary furniture such as operating tables,examination tables, dentists chairs etc.",Manufacturing
32504,"Manufacture of bone plates and screws, syringes, needles, catheters, cannulae, etc.",Manufacturing
32505,Manufacture of measuring instruments such as thermometers etc.,Manufacturing
32506,Manufacture of orthopedic and prosthetic devices,Manufacturing
32507,"Manufacture of ophthalmic goods, eyeglasses, sunglasses, lenses ground to prescription, contact lenses, safety goggles etc.",Manufacturing
32509,Manufacture of other medical and dental instruments n.e.c.,Manufacturing
32901,"Manufacture of stationary articles such as pens and pencils of all kinds whether or not mechanical, pencil leads, date, sealing or numbering stamps, hand-operated devices for printing or embossing lab",Manufacturing
32902,"Manufacture of protective safety equipment (fire-resistant and protective safety clothing, linemen's safety belts and other belts for occupational use, cork life preservers, plastics hard hats and oth",Manufacturing
32903,"Manufacture of umbrellas, sun-umbrellas, walking sticks, seat-stick",Manufacturing
32904,"Manufacture of articles of personal use such as cigarette lighters, smoking pipes, combs, hair slides, scent sprays, vacuum flasks and other vacuum vessels for personal or household use, wigs, false b",Manufacturing
32909,Manufacture of other articles n.e.c.,Manufacturing
33111,Repair and maintenance of structural products,Service
33112,Repair and maintenance of pipes and pipelines,Service
33113,"Repair and maintenance of metal tanks, reservoirs, containers, steel shipping drums etc.",Service
33114,"Repair and maintenance of steam or other vapour generators and auxiliary plant for use with steam generators such as condensers, economizers, superheaters, steam collectors and accumulators",Service
33119,Repair and maintenance of other fabricated metal products,Service
33121,"Repair and maintenance of engines and turbines excluding aircraft, vehicle and cycle engines",Service
33122,"Repair and maintenance of pumps and related equipment, fluid power equipment, valves",Service
33123,"Repair and maintenance of metal cutting and metal forming machine tools and accessories, power-driven hand-tools and other machine tools",Service
33124,Repair and maintenance of agricultural machinery and forestry and logging machinery including agricultural tractors,Service
33125,"Repair and maintenance of mining, construction, and oil and gas field machinery; metallurgy machinery",Service
33126,"Repair and maintenance of food, beverage, and tobacco processing machinery",Service
33127,"Repair and maintenance of textile apparel, leather production machinery and papermaking machinery",Service
33129,"Repair and maintenance of other special purpose machinery of division 28 (weighing equipment,vending machines, cash registers, photocopy machines, calculators, typewriters etc.)",Service
33131,"Repair and maintenance of measuring, testing, navigating and control equipment of group 265",Service
33132,"Repair and maintenance of irradiation, electromedical and electro theraputic equipmemts of class 2660",Service
33133,Repair and maintenance of optical instruments and equipment of class 2670,Service
33140,Repair of electrical equipment,Service
33150,"Repair of transport equipment, except motor vehicles",Service
33190,Repair of other equipment,Service
33200,Installation of industrial machinery and equipment,Service
35101,Electric power generation by hydroelectric power plants,Service
35102,Electric power generation by coal based thermal power plants,Service
35103,"Electric power generation by non-coal based thermal (e.g. diesel, gas )",Service
35104,Electric power generation and transmission by nuclear power plants,Service
35105,Electric power generation using solar energy,Service
35106,Electric power generation using other non conventional sources,Service
35107,Transmission of electric energy,Service
35109,"Collection and distribution of electric energy to households, industrial, commercial and other users n.e.c.",Service
35201,Manufacture of gas,Manufacturing
35202,Distribution and sale of gaseous fuels through mains,Manufacturing
35301,"Production, collection and distribution of steam and hot water for heating, power and other purposes",Service
35302,Production and distribution of cooled air and chilled water for cooling purposes,Service
35303,"Production of ice, including ice for food and non-food (e.g. cooling) purposes",Service
36000,"Water collection, treatment and supply",Service
37001,The operation and maintenance of sewer systems,Service
37002,"Collecting and transporting of human or industrial waste water or rain water by means of sewerage networks, collectors, tanks and other means of transport (sewage vehicles etc.)",Service
37003,"Treatment of waste water or sewer by means of physical, chemical or biological processes",Service
38110,Collection of non-hazardous waste,Service
38120,Collection of hazardous waste,Service
38210,Treatment and disposal of non-hazardous waste,Service
38221,"Treatment and disposal of toxic live or dead animals and other, contaminated waste, disposal of used goods; incineration of hazardous waste",Service
38222,"Treatment, disposal and storage of radioactive nuclear waste",Service
38300,Materials recovery,Service
39000,Remediation activities and other waste management services,Service
41001,Construction of buildings carried out on own-account basis or on a fee or contract basis,Service
41002,"Activities relating to alteration, addition, repair, maintenance carried out on own- account basis or on a fee or contract basis",Service
41003,Assembly and erection of prefabricated constructions on the site,Service
42101,"Construction and maintenance of motorways, streets, roads, other vehicular and pedestrian ways, highways, bridges, tunnels and subways",Service
42102,Construction and maintenance of railways and rail-bridges,Service
42103,Construction and maintenance of airfield runways,Service
42201,Construction and maintenance of power plants,Service
42202,"Construction/erection and maintenance of power, telecommunication and transmission lines",Service
42203,Construction of long distance pipelines or urban pipelines,Service
42204,"Construction and maintenance of water main and line connection, water reservoirs including irrigation system (canal)",Service
42205,Construction and repair of sewer systems including sewage disposal plants and pumping stations,Service
42206,Water well drilling,Service
42209,Construction of utility projects n.e.c.,Service
42901,Construction and maintenance of industrial facilities such as refineries chemical plants etc.,Service
42902,"Construction of waterways, harbours and river works, dredging of waterways",Service
42903,Construction of dams etc.,Service
42904,Construction of outdoor sports facilities,Service
42909,Other civil engineering projects n.e.c.,Service
43110,Demolition,Service
43121,Site preparation for mining including overburden removal and other development and preparation of mineral properties and sites except oil and gas sites,Service
43122,"Site preparation including drilling, boring and core sampling for construction, geophysical, geological or similar purposes",Service
43123,"Clearing of building sites, earth moving: excavation, landfill, levelling and grading of construction sites, trench digging, rock removal, blasting etc.",Service
43129,Other site preparation activities n.e.c.,Service
43211,Installation of electrical wiring and fittings,Service
43212,"Installation of telecommunications wiring, computer network and cable television wiring, including fibre optic, satellite dishes",Service
43213,Installation of street lighting and electrical signals,Service
43214,Installation of fire alarm system and burglar alarm system,Service
43219,Other electrical installation n.e.c.,Service
43221,"Installation of plumbing for water, gas and sanitation equipments",Service
43222,"Installation of heating systems (electric, gas and oil), furnaces, cooling towers, non- electric solar energy collectors etc.",Service
43229,"Other plumbing, heat and air conditioning activities n.e.c.",Service
43291,"Installation of elevators, escalators",Service
43292,"Installation of thermal, sound or vibration insulation system in buildings",Service
43299,Other construction projects n.e.c.,Service
43301,"Installation of doors, windows, door and window frames, fitted kitchens, of wood or other materials",Service
43302,"Interior completion such as ceilings, wooden wall coverings, movable partitions etc. ; Laying of parquet and other wood floor coverings, carpets and linoleum, wallpaper; tiling with ceramic, concrete",Service
43303,"Interior and exterior painting, glazing, plastering and decorating of buildings or civil engineering structures",Service
43309,Other building completion and finishing,Service
43900,Other specialized construction activities,Service
45200,Maintenance and repair of motor vehicles,Service
45403,"Maintenance and repair of motor cycles, mopeds, scooters and three wheelers",Service
46102,"Activities of commission agents dealing in wholesale trade inwood, paper, skin, leather and fur,fuel, petroleum products, chemicals, perfumery and cosmetics, glass, minerals, ores and metals",Service
46103,"Activities of commission agents dealing in wholesale trade in machinery & equipment, other than transport machinery",Service
46109,Activities of other commission agents n.e.c. (including commission agents working in emerging areas for wholesale trade,Service
46201,Wholesale of cereals & pulses,Service
46203,Wholesale of live animals and poultry,Service
46204,"Wholesale of straw, fodder & other animal/poultry feed",Service
46205,Wholesale of flowers and plants,Service
46206,"Wholesale of hides, skins and leather",Service
46207,Wholesale of oilseed oleaginous fruits,Service
46208,Wholesale of sugarcane,Service
46209,Whole sale of other agriculture raw materials n.e.c.,Service
46301,Wholesale of fruits & vegetables,Service
46302,Wholesale of raw milk & dairy products,Service
46304,"Wholesale of confectionery, bakery products and beverages other than intoxicants",Service
46305,"Wholesale of edible oils, fats, sugar and processed/manufactured spices etc.",Service
46306,"Wholesale of tea, coffee & cocoa",Service
46309,Wholesale of other basic/manufactured food stuffs n.e.c.,Service
46411,"Wholesale of textiles, fabrics, yarn, household linen, articles of clothing, floor coverings and tapestry, sports clothes",Service
46412,Wholesale of umbrella and clothing accessories,Service
46413,Wholesale of footwear,Service
46419,Wholesale of other clothing items n.e.c.,Service
46491,"Wholesale of toiletry, perfumery and cosmetics",Service
46492,"Wholesale of metal, porcelain and glass utensils; crockery and chinaware",Service
46493,Wholesale of furniture and fixtures,Service
46494,"Wholesale of watches, clocks and optical goods",Service
46495,"Wholesale of recorded audio or video tapes, CDs and DVDs",Service
46496,"Wholesale of paper and other stationery items; books, magazines and newspapers",Service
46497,Wholesale of pharmaceutical and medical goods,Service
46498,Wholesale of precious metals and jewellery,Service
46499,"Wholesale of other households goods, n.e.c. [Includes wholesale of household equipment and appliances, n.e.c; photographic equipment, games, toys and sports goods (also includes bicycles, cycle ricksh",Service
46511,Wholesale of computers and computer peripheral equipment,Service
46512,Wholesale of software,Service
46521,"Wholesale of electronic valves and tubes, semiconductor devices, microchips, integrated circuits and printed circuits",Service
46522,"Wholesale of radio, television and other consumer electronics including CD/DVD players and recorders",Service
46523,"Wholesale of blank audio and video tapes and diskettes, magnetic and optical disks (CDs, DVDs) and parts",Service
46524,"Wholesale of telephone, mobile phone and communications equipment and parts",Service
46529,Wholesale of other electronic equipments and parts thereof,Service
46531,Wholesale of tractors used in agriculture and forestry,Service
46532,"Wholesale of ploughs, manure spreaders, seeders, harvesters, threshers",Service
46533,"Wholesale of milking machines, poultry-keeping machines, bee-keeping machines",Service
46539,Wholesale of other agriculture machinery n.e.c.,Service
46591,"Wholesale of office machinery and equipment, except computers and computer peripheral equipment",Service
46592,"Wholesale of transport equipment except motor vehicles, motorcycles and bicycles",Service
46593,"Wholesale of electrical machinery, equipment and supplies, n.e.c.",Service
46594,Wholesale of construction and civil engineering machinery and equipment,Service
46595,"Wholesale of machinery and equipment for the textile, wood and metal industries etc.",Service
46596,"Wholesale of scientific, medical and surgical machinery and equipment",Service
46599,"Wholesale of other machinery, equipment and supplies n.e.c. including computer- controlled machine tools and computer-controlled sewing and knitting machines",Service
46610,"Wholesale of solid, liquid and gaseous fuels and related products",Service
46620,Wholesale of metals and metal ores,Service
46631,Wholesale of wood in the rough and products of primary processing of wood,Service
46632,"Wholesale of construction materials (sand, gravel etc.)",Service
46633,"Wholesale of hardware and sanitary fittings and fixtures and flat glass including tools such as hammers, saws, screwdrivers and other hand tools",Service
46634,"Wholesale of paints, varnishes, and lacquers",Service
46639,Wholesale of other construction equipment n.e.c.,Service
46691,"Wholesale of industrial chemicals,",Service
46692,Wholesale of fertilizers and agrochemical products,Service
46693,Wholesale of plastic materials in primary forms,Service
46694,Wholesale of rubber,Service
46695,Wholesale of textile fibres etc.,Service
46696,Wholesale of paper in bulk,Service
46697,Wholesale of precious stones,Service
46699,Wholesale of metal and non-metal waste and scrap n.e.c.,Service
46901,Wholesale trade via e-commerce excluding activities of commission agents,Service
46909,Other non-specialised wholesale trade n.e.c.,Service
47190,Other retail sale in non-specialized stores,Service
47211,"Retail sale of cereals and pulses, tea, coffee, spices and flour",Service
47212,Retail sale of fresh or preserved fruit and vegetables,Service
47214,"Retail sale of bakery products, dairy products and eggs",Service
47215,Retail sale of sugar confectionery and sweetmeat,Service
47219,Retail sale of other food products n.e.c.,Service
47222,Retail sale of non-alcoholic beverages including icecream not for consumption on the premises,Service
47300,Retail sale of automotive fuel in specialized stores [includes the activity of petrol filling stations.,Service
47411,Retail sale of computers and computer peripherals,Service
47412,Retail sale of video games,Service
47413,Retail sale of non-customized software,Service
47414,Retail sale of telecommunication equipment,Service
47420,Retail sale of audio and video equipment in specialized stores,Service
47510,Retail sale of textiles in specialized stores,Service
47521,"Retail sale of building material such as bricks, wood, sanitary equipment",Service
47522,"Retail sale of hardware including paints, varnishes and lacquers and do-it-yourself materials and equipments",Service
47523,Retail sale of glass,Service
47531,"Retail sale of carpets, rugs, curtains and net curtains",Service
47532,Retail sale of wallpaper and floor coverings,Service
47591,Retail sale of household furniture,Service
47592,"Retail sale of household utensils and cutlery, crockery, glassware, china and pottery",Service
47593,"Retail sale of gas stoves, cooking/kitchen appliances",Service
47594,"Retail sale of refrigerators, washing machines and other electrical/electronic household goods",Service
47595,Retail sale of musical instruments,Service
47599,"Retail sale of other household appliances n.e.c. ( security systems, such as locking devices, safes, and vaults, without installation or maintenance services etc. , wooden, cork and wickerwork goods,",Service
47611,Retail sale of books of all kinds,Service
47612,Retail sale of newspapers and magazines,Service
47613,"Retail sale of stationery office supplies such as pens, pencils, paper etc.",Service
47620,Retail sale of music and video recordings in specialized stores,Service
47630,Retail sale of sporting equipment in specialized stores,Service
47640,Retail sale of games and toys in specialized stores,Service
47711,"Retail sale of readymade garments, hosiery goods, other articles of clothing and clothing accessories such as gloves, ties, braces etc.",Service
47712,Retail sale of articles of fur and artificial fur,Service
47713,Retail sale of footwear,Service
47714,Retail sale of leather goods and travel accessories of leather and leather substitutes,Service
47721,"Retail sale of pharmaceuticals, medical and orthopedic goods and toilet articles",Service
47722,Retail sale of perfumery and cosmetic articles,Service
47731,"Retail sale of photographic, optical and precision equipment",Service
47732,Retail sale of watches and clocks,Service
47733,Retail sale of jewellery and imitation jewellery,Service
47734,"Retail sale of flowers, plants, pet animals and pet food",Service
47735,"Retail sale of souvenirs, craftwork and religious articles, stamps and coins",Service
47736,"Retail sale of household fuel oil, bottled gas, coal and fuel wood",Service
47737,"Retail sale of seeds, fertilizers, pesticides, machinery equipments and hand tools",Service
47738,Activities of commercial art galleries,Service
47739,"Other retail sale of new goods in specialized stores n.e.c (weapons and ammunition, non food products)",Service
47740,Retail sale of second-hand goods,Service
47820,"Retail sale via stalls and markets of textiles, clothing and footwear",Service
47890,Retail sale via stalls and markets of other goods,Service
47911,Retail sale via mail order houses,Service
47912,Retail sale via e-commerce,Service
47990,"Other retail sale not in stores, stalls or markets",Service
49110,Passenger rail transport,Service
49120,Freight rail transport,Service
49211,Urban or suburban passenger bus transport (excluding chartered bus),Service
49212,Urban or suburban tramways,Service
49213,Urban or suburban underground or elevated rillways,Service
49219,Other urban or suburban passenger transport n.e.c.,Service
49221,Long-distance bus services,Service
49222,"Charters, excursions and other occasional coach services",Service
49223,Rental of private cars with driver,Service
49224,Taxi operation,Service
49225,Operation of school buses and buses for transport of employees,Service
49226,Passenger transport by man- or animal-drawn vehicles,Service
49229,Other non urban passenger land transport n.e.c.,Service
49231,Motorised road freight transport,Service
49232,Non-motorised road freight transport,Service
49300,Transport via pipeline,Service
50111,Sea and coastal ferry service,Service
50112,"Sea and coastal water cruise, water taxis and other sight seeing boats",Service
50113,Sea and coastal long distance water transport,Service
50119,Other sea and coastal water transport n.e.c.,Service
50120,Sea and coastal freight water transport,Service
50211,River ferry service,Service
50212,"River cruise, water taxi, boat services",Service
50213,Long distance river water transport,Service
50219,Other inland water transport n.e.c.,Service
50220,Inland freight water transport,Service
51101,Passenger airways,Service
51102,Helicopter services,Service
51109,Other passenger air-transport n.e.c,Service
51201,Freight air transport services,Service
51202,Launching of satellites and space vehicles and space transport,Service
52101,Warehousing of refrigerated (cold storage),Service
52102,Warehousing non-refrigerated,Service
52109,"Storage and warehousing n.e.c.[Includes general merchandise warehouses and warehousing of furniture, automobiles, gas and oil, chemicals, textiles etc. Also included is storage of goods in foreign tra",Service
52211,Car parking including motorcycle and bicycle parking,Service
52212,"Support service at railway stations, bus stations, bridges etc.",Service
52213,Switching and shunting,Service
52219,Other land transport services n.e.c,Service
52220,Service activities incidental to water transportation,Service
52231,"Activities related to air transport of passengers, animals or freight",Service
52232,Firefighting and fire-prevention services at airports,Service
52241,Cargo handling incidental to land transport,Service
52242,Cargo handling incidental to water transport,Service
52243,Cargo handling incidental to air transport,Service
52291,Activities of travel agents and tour operators,Service
52292,Activities of shipping cargo agents,Service
52293,Activities of movers and packers,Service
52294,Weighing of goods,Service
53100,Postal activities,Service
53200,Courier activities,Service
55101,"Hotels and Motels, inns, resorts providing short term lodging facilities; includes accommodation in house boats",Service
55102,"Provision of short term lodging facilities to members of a particular organisation such as govt.guest houses, company guest houses, circuit houses and similar establishments",Service
55109,"Provision of short stay accommodation n.e.c. (e.g. holiday homes, private guest houses etc.)",Service
55200,"Camping grounds, recreational vehicle parks and trailer parks",Service
55901,"Accommodation provided by student residences, school dormitories",Service
55902,Worker hostels and boarding houses,Service
56101,Restaurants without bars,Service
56102,"Cafeterias, fast-food restaurants and other food preparation in market stalls",Service
56103,"Ice cream mobile vendors, mobile food carts",Service
56104,"Restaurant and bar activities connected to transportation, when carried out by separate units",Service
56210,Event catering,Service
56291,Activities of food service contractors (e.g. for transportation companies),Service
56292,"Operation of canteens or (e.g. for factories, offices, hospitals or schools) on a concession basis",Service
56301,Bars and Restaurants with bars,Service
56302,Tea/coffee shops,Service
56303,Fruit juice bars,Service
56304,Mobile beverage vendors,Service
58111,"Publishing of books, brochures, leaflets and similar publications, including publishing encyclopedias (including on CD-ROM)",Service
58112,"Publishing of atlases, maps and charts",Service
58113,Publishing of audio books,Service
58121,Publishing of mailing lists and telephone directories,Service
58122,"Publishing of other directories and compilations, such as case law, pharmaceutical compendia etc.",Service
58131,Publishing of newspapers,Service
58132,Publishing of journals and periodicals,Service
58191,On-line publishing of statistics and other information,Service
58199,Other publishing activities (including on-line) n.e.c.,Service
58201,Publishing of operating systems and system software,Service
58202,Publishing of operating business and other applications,Service
58203,Publishing of computer games for all platforms,Service
59111,Production of motion picture,Service
59112,Video production,Service
59113,Production of television programmes or television commercials,Service
59121,Post production activities of motion picture,Service
59122,Post production activities of television programmes or television commercials,Service
59123,Post production activities of video production,Service
59131,Motion picture distribution,Service
59132,"Distribution of video tapes, CD and DVDs",Service
59133,Distribution of television programme,Service
59141,"Motion picture or video tape projection in cinemas, in the open air or in other projection facilities",Service
59142,Activities of cine-clubs,Service
59201,Activities of sound recording in studio or elsewhere,Service
59202,Activities of music publishing,Service
60100,Radio broadcasting,Service
60200,Television programming and broadcasting activities,Service
61101,"Activities of basic telecom services: telephone, telex and telegraph (includes the activities of STD/ISD booths)",Service
61102,Maintenance of telecom network,Service
61103,Activities of the cable operators,Service
61104,Activities of providing internet access by the operator of the wired infrastructure,Service
61201,Activities of Internet access by the operator of the wireless infrastructure,Service
61202,"Activities of maintaining and operating paging, cellular and other telecommunication networks",Service
61209,Activities of other wireless telecommunications activities,Service
61301,Activity of Internet access by the operator of the satellite infrastructure,Service
61309,Other satellite telecommunications activities,Service
61900,Other telecommunications activities,Service
62011,"Writing, modifying, testing of computer program to meet the needs of a particular client excluding web-page designing",Service
62012,Web-page designing,Service
62013,Providing software support and maintenance to the clients,Service
62020,Computer consultancy and computer facilities management activities,Service
62091,Software installation,Service
62092,Computer disaster recovery,Service
62099,Other information technology and computer service activities n.e.c,Service
63111,Data processing activities including report writing,Service
63112,Web hosting activities,Service
63113,Providing general time-share mainframe facilities to clients,Service
63114,Providing data entry services,Service
63119,"Other data processing, hosting and related activities n.e.c.",Service
63121,Operation of web sites that use a search engine to generate and maintain extensive databases of internet addresses and content in an easily searchable format,Service
63122,"Operation of other websites that act as portals to the Internet, such as media sites providing periodically updated content",Service
63910,News agency activities,Service
63991,Telephone based information services,Service
63992,Activities of cyber cafe,Service
63999,Other information service activities n.e.c.,Service
64110,Central banking,Service
64191,"Monetary intermediation of commercial banks, saving banks. postal savings bank and discount houses",Service
64192,Activities of specialized institutions granting credit for house purchases that also take deposits,Service
64199,Other monetary intermediation services n.e.c.,Service
64200,Activities of holding companie,Service
64300,"Trusts, funds and other financial vehicles",Service
64910,Financial leasing,Service
64920,Other credit granting,Service
64990,"Other financial service activities, except insurance and pension funding activities, n.e.c.",Service
65110,Life insurance,Service
65120,Non-life insurance,Service
65200,Reinsurance,Service
65300,Pension funding,Service
66110,Administration of financial markets,Service
66120,Security and commodity contracts brokerage,Service
66190,Activities auxiliary to financial service activities n.e.c.,Service
66210,Risk and damage evaluation,Service
66220,Activities of insurance agents and brokers,Service
66290,Other activities auxiliary to insurance and pension funding,Service
66301,Management of mutual funds,Service
66302,Management of pension funds,Service
66309,Management of other investment funds,Service
68100,Real estate activities with own or leased property,Service
68200,Real estate activities on a fee or contract basis,Service
69100,Legal activities,Service
69201,"Accounting, bookkeeping and auditing activities",Service
69202,Tax consultancy,Service
70100,Activities of head offices,Service
70200,Management consultancy activities,Service
71100,Architectural and engineering activities and related technical consultancy,Service
71200,Technical testing and analysis,Service
72100,Research and experimental development on natural sciences and engineering,Service
72200,Research and experimental development on social sciences and humanities,Service
73100,Advertising,Service
73200,Market research and public opinion polling,Service
74101,"Fashion design related to textiles, wearing apparel, shoes, jewelry, furniture and other fashion goods as well as other personal or household goods",Service
74102,Activities of interior decorators,Service
74103,Services of graphic designers,Service
74109,Other specialized design activities n.e.c.,Service
74201,Commercial and consumer photograph production,Service
74202,Photographic film processing,Service
74203,Activities of photojournalists,Service
74204,Microfilming of documents,Service
74209,Other photographic activities,Service
74901,Business brokerage activities,Service
74902,Patent brokerage activities,Service
74903,Weather forecasting activities,Service
74904,Security consulting,Service
74909,"Other professional, scientific and technical activities n.e.c.",Service
75000,Veterinary activities,Service
77100,Renting and leasing of motor vehicles,Service
77210,Renting and leasing of recreational and sports goods,Service
77220,Renting of video tapes and disks,Service
77291,"Renting of tent, furniture, pottery and glass, kitchen and tableware, utensils, household electrical and electronic equipments etc.",Service
77292,"Renting of books, journals and magazines",Service
77293,"Renting of jewellery, musical instruments, scenery and costumes",Service
77294,"Renting of textiles, wearing apparel, footwear, sleeping bag, rucksack, household goods",Service
77299,Renting of other personal and household goods n.e.c.,Service
77301,"Renting and operational leasing, without operator, of other machinery and equipment that are generally used as capital goods by industries",Service
77302,Renting and operational leasing of agricultural and forestry machinery and equipment without operator,Service
77303,Renting and operational leasing of construction and civil-engineering machinery and equipment without operator,Service
77304,Renting and operational leasing of office machinery and equipment without operator,Service
77305,Renting and operational leasing of land-transport equipment (other than motor vehicles) without drivers,Service
77306,Renting and operational leasing of water-transport equipment without operator,Service
77307,Renting and operational leasing of air transport equipment without operator,Service
77308,"Renting of other tangible goods with out operator (includes renting of containers, pallets, animals etc.)",Service
77309,Renting and leasing of other machinery and equipment n.e.c. without operator,Service
77400,Leasing of nonfinancial intangible assets,Service
78100,Activities of employment placement agencies,Service
78200,Temporary employment agency activities,Service
78300,Human resources provision and management of human resources functions,Service
79110,Travel agency activities,Service
79120,Tour operator activities,Service
79900,Other reservation service and related activities,Service
80100,Private security activities,Service
80200,Security systems service activities,Service
80300,Investigation activities,Service
81100,Combined facilities support activities,Service
81210,General cleaning of buildings,Service
81291,"Cleaning of trains buses, planes etc.",Service
81292,Cleaning of industrial machinery,Service
81299,Other building and industrial cleaning activities,Service
81300,Landscape care and maintenance service activities,Service
82110,Combined office administrative service activities,Service
82191,"Photocopying, duplicating and blueprinting services",Service
82192,"Document preparation, typing, word processing and desktop publishing services",Service
82199,Other specialised office support services activities,Service
82200,Activities of call centres,Service
82300,Organization of conventions and trade shows,Service
82910,Activities of collection agencies and credit bureaus,Service
82920,Packaging activities,Service
82990,Other business support service activities n.e.c,Service
84111,General public service activities relating to executive,Service
84112,General public service activities relating to legislation,Service
84119,General public service activities n.e.c.,Service
84121,Regulatory agencies relating to health,Service
84122,Regulatory agencies relating to education,Service
84129,Regulatory agencies relating to other social services n.e.c. excluding social security,Service
84130,Regulation of and contribution to more efficient operation of businesses,Service
84210,Foreign affairs,Service
84220,Defence activities,Service
84230,Public order and safety activities,Service
84300,Compulsory social security activities,Service
85101,Pre-primary education (education preceding the first level),Service
85102,Primary education (education at the first level),Service
85103,Provision of literacy programmes for adults at primary level,Service
85104,Special education for handicapped students at primary level,Service
85109,Other primary education activities n.e.c.,Service
85211,General school education in the first stage of the secondary level (up to X th standard) without any special subject pre-requisite,Service
85212,"General school education in the second stage of the secondary level (Senior/Higher secondary) giving, in principle, access to higher education",Service
85213,Special education for handicapped students at first stage or second stage of secondary level,Service
85221,Technical and vocational education below the level of higher education except for handicapped,Service
85222,Technical and vocational education for handicapped students below the level of higher education,Service
85223,Professional motor driving school,Service
85301,"Higher education in science, commerce, humanity and fine arts leading to a university degree or equivalent",Service
85302,Higher education in engineering / other technical courses leading to a university degree or equivalent,Service
85303,Higher education in medical/bio-technology and related courses leading to a university degree or equivalent,Service
85304,Higher education in management courses leading to a degree or equivalent,Service
85305,Higher education in law leading to a degree or equivalent,Service
85306,Higher education in other professional/ vocational courses leading to a degree or equivalent,Service
85307,Higher education not leading to a degree or equivalent,Service
85410,Sports and recreation education,Service
85420,Cultural education,Service
85491,Academic tutoring services,Service
85492,Professional examination review courses,Service
85493,Flying school,Service
85494,Motor driving school (non-professional),Service
85499,Other educational services n.e.c.,Service
85500,Educational support services,Service
86100,Hospital activities,Service
86201,Medical practice activities,Service
86202,Dental practice activities,Service
86901,Activities of Ayurveda practitioners,Service
86902,Activities of Unani practitioners,Service
86903,Activities of homeopaths,Service
86904,"Activities of nurses, masseures, physiotherapists or other para-medical practitioners",Service
86905,Activities of independent diagnostic/pathological laboratories,Service
86906,Activities of independent blood banks,Service
86909,Other human health activities n.e.c. (including independent ambulance activities),Service
87100,Nursing care facilities,Service
87200,"Residential care activities for mental retardation, mental health and substance abuse",Service
87300,Residential care activities for the elderly and disabled,Service
87900,Other residential care activities n.e.c.,Service
88100,Social work activities without accommodation for the elderly and disabled,Service
88900,Other social work activities without accommodation n.e.c.,Service
90001,Stage production and related activities,Service
90002,Operation of concert and theatre halls and other arts facilities,Service
90003,"Activities of sculptors, painters, cartoonists, engravers, etchers etc.",Service
90004,"Activities of individual writers, for all subjects including fictional writing, technical writing etc.",Service
90005,Activities of independent journalists,Service
90006,Activities of restoring of works of art such as paintings etc.,Service
90009,Other creative arts and entertainment activities,Service
91010,Library and archives activities,Service
91020,Museums activities and operation of historical sites and buildings,Service
91030,Botanical and zoological gardens and nature reserves activities,Service
93110,Operation of sports facilities,Service
93120,Activities of sports clubs,Service
93190,Other sports activities,Service
93210,Activities of amusement parks and theme parks,Service
93290,Other amusement and recreation activities n.e.c.,Service
94110,Activities of business and employers membership organisations,Service
94120,Activities of professional membership organizations,Service
94200,Activities of trade unions,Service
94990,Activities of other membership organizations n.e.c.,Service
95111,Repair and maintenance of computer and peripheral equipment,Service
95112,"Repair and maintenance of automated terminals like automatic teller machines, point- of-sale (POS) terminals, not mechanically operated",Service
95120,Repair of communication equipment,Service
95210,Repair of consumer electronics,Service
95221,"Repair and servicing of household appliances ( refrigerators, stoves, washing machines, clothes dryers, room air conditioners, etc. )",Service
95222,"Repair and servicing of home and garden equipment such lawn mowers, edgers, trimmers etc.",Service
95230,Repair of footwear and leather goods,Service
95240,Repair of furniture and home furnishings,Service
95291,Repair of bicycles,Service
95292,Repair and alteration of clothing,Service
95293,Repair and alteration of jewellery,Service
95294,"Repair of watches, clocks and their parts",Service
95295,Repair of musical instruments,Service
95299,Repair of other personal and household goods n.e.c.,Service
96010,Washing and (dry-) cleaning of textile and fur products,Service
96020,Hairdressing and other beauty treatment,Service
96030,Funeral and related activities,Service
96091,"Social activities such as escort services, marriage bureaus",Service
96092,"Pet care services such as boarding, grooming and training pets etc.",Service
96093,"Shoe shiners, porters, valet car parkers etc.",Service
96094,"Coin-operated personal service machines such as photo booths, weighing machines, blood pressure checking machines etc.",Service
96095,"Activities of sauna and steam baths, massage salons etc.",Service
96096,Astrological and spiritualists' activities,Service
96097,"Activities of aaya, dhai, governess, baby sitter etc.",Service
96098,"General household maintenance activities like grooming of the floor, dusting, cleaning of utensils etc.",Service
